RECLOC,DEP_KEY,Path
AGYV45,ZZ20240516HYDAMD3723,['INV-ZZ-1129237']
ARVE32,ZZ20240516HYDAMD3723,"['INV-ZZ-2651667', 'INV-ZZ-9326711', 'INV-ZZ-7249945']"
AZSF88,ZZ20240516HYDAMD3723,['INV-ZZ-6246289']
BYKC60,ZZ20240516HYDAMD3723,['INV-ZZ-5800571']
DUAG33,ZZ20240516HYDAMD3723,['INV-ZZ-6649525']
DUBJ35,ZZ20240516HYDAMD3723,['INV-ZZ-6621713']
FCHS82,ZZ20240516HYDAMD3723,['INV-ZZ-4173904']
GYBJ90,ZZ20240516HYDAMD3723,['INV-ZZ-3162191']
IFOT44,ZZ20240516HYDAMD3723,['INV-ZZ-1835306']
IUOE22,ZZ20240516HYDAMD3723,['INV-ZZ-4958958']
IUOE88,ZZ20240516HYDAMD3723,['INV-ZZ-3162191']
JRRS62,ZZ20240516HYDAMD3723,['INV-ZZ-7400587']
LHGC72,ZZ20240516HYDAMD3723,['INV-ZZ-6148464']
MOKP38,ZZ20240516HYDAMD3723,['INV-ZZ-9541445']
MTEW64,ZZ20240516HYDAMD3723,['INV-ZZ-2060532']
NZMC56,ZZ20240516HYDAMD3723,['INV-ZZ-8657660']
QUXC31,ZZ20240516HYDAMD3723,['INV-ZZ-1644109']
TBYQ49,ZZ20240516HYDAMD3723,['INV-ZZ-1093151']
TLEK50,ZZ20240516HYDAMD3723,['INV-ZZ-6246289']
UIMJ88,ZZ20240516HYDAMD3723,['INV-ZZ-6584575']
VGLW55,ZZ20240516HYDAMD3723,['INV-ZZ-1535659']
VSII60,ZZ20240516HYDAMD3723,"['INV-ZZ-5199975', 'INV-ZZ-5567149', 'INV-ZZ-8249458', 'INV-ZZ-8092261']"
VTRE10,ZZ20240516HYDAMD3723,['INV-ZZ-6221422']
WEDU19,ZZ20240516HYDAMD3723,['INV-ZZ-5862096']
WIDP94,ZZ20240516HYDAMD3723,"['INV-ZZ-2651667', 'INV-ZZ-9326711', 'INV-ZZ-7249945']"
XDRG81,ZZ20240516HYDAMD3723,['INV-ZZ-6621713']
XLWE26,ZZ20240516HYDAMD3723,['INV-ZZ-9541445']
XNVS89,ZZ20240516HYDAMD3723,['INV-ZZ-8561943']
ZCVH22,ZZ20240516HYDAMD3723,['INV-ZZ-3162191']
ZDCU40,ZZ20240516HYDAMD3723,"['INV-ZZ-6755786', 'INV-ZZ-4149618', 'INV-ZZ-9219423', 'INV-ZZ-2849755']"
ZKDX82,ZZ20240516HYDAMD3723,['INV-ZZ-3646764']
